DN;sAMAccountName;EmployeeNr;givenName;lastName;location;memberof;accountType;EmployeeType;lastLogon
CN=Ara Pate,OU=Mobile,OU=Online,OU=Marketing,DC=Demo_Company;patea02046;aPate;Ara;Pate;München;"R_Partner_List;Access_Share357;R_Company_Profile;W_Strategic_Planning;Service_Ticket_Reg;Access_Share597;Cloud_Storage;MUC_Access;MUC_Access_Extended;MUC_Network;MUC_Adv_Share;Internal_Employee;Mailing_Group";personal;Internal;08.03.2019
CN=Austin Perry,OU=Mobile,OU=Online,OU=Marketing,DC=Demo_Company;perrya01984;aPerry;Austin;Perry;München;"R_Partner_List;Access_Share299;R_Company_Profile;W_Strategic_Planning;Service_Ticket_Reg;Access_Share597;Cloud_Storage;MUC_Access;MUC_Access_Extended;MUC_Network;MUC_Adv_Share;Internal_Employee;Mailing_Group";personal;Internal;18.09.2019
CN=Cassey Bachelder,OU=Client Services,OU=Information Technology,DC=Demo_Company;olivic03426;cBachelder;Cassey;Bachelder;München;"Advertising_Share;MUC_Access;MUC_Access_Extended;MUC_Network;MUC_Adv_Share;Standard_User_Profile;Consulting_Local;Consulting_DB;MUC_Access;MUC_Access_Extended;MUC_Network;MUC_Adv_Share;Internal_Employee;Mailing_Group";personal;Internal;27.01.2019
CN=Charlene Kinghorn,OU=Mobile,OU=Online,OU=Marketing,DC=Demo_Company;sciarc01965;cKinghorn;Charlene;Kinghorn;München;"Cisco_UCS;R_Partner_List;R_External_Guides;Sales_Information_Extended;Self Service_Win8;Intranet_Access_Extended;Access_Share323;Network_Storage;R_Supplier_List;Windows_8;R_Customer_List;R_RegistrationServices;Network_Storage_Extended;HP_Laserjet;Storage_Access;R_Guidance_Access_Share;Mail_Access;Antivir_Delivery;Internal_Access_Share;Self Service;R_Shop_List;Service_Ticket_Load;R_Guidelines;Intranet_Access;Service_Ticket_Reg;R_External_List;Access_Share630;MUC_Access;MUC_Access_Extended;MUC_Network;MUC_Adv_Share;Internal_Employee;Mailing_Group";personal;Internal;03.04.2019
CN=Chris Luptak,OU=Treasury,OU=Finance,OU=Operations and Finance,DC=Demo_Company;maniac00992;cLuptak;Chris;Luptak;München;"Cisco_UCS;R_Partner_List;R_External_Guides;Sales_Information;R_Supplier_Office_List_Extended;Self Service_Win8;Intranet_Access_Extended;Project_207;Standard_User_Profile;Access_Share571;Access_Share429;Network_Storage;R_Supplier_List;Windows_8;Mail_Access;Antivir_Delivery;Internal_Access_Share;Self Service;R_Shop_List;W_Local_Storage;Service_Ticket_Load;R_Guidelines;Intranet_Access;Service_Ticket_Reg;R_External_List;R_Strategic_Planning;W_Company_Publications;R_External_Announcements;R_Security_Incidents;Firewall_SW;MUC_Access;MUC_Access_Extended;MUC_Network;MUC_Adv_Share;Internal_Employee;Mailing_Group";personal;Internal;20.08.2019
CN=Cindie Boos,OU=Treasury,OU=Finance,OU=Operations and Finance,DC=Demo_Company;martic00886;cBoos;Cindie;Boos;München;"Cisco_UCS;R_Partner_List;R_External_Guides;Sales_Information;R_Supplier_Office_List_Extended;Self Service_Win8;Intranet_Access_Extended;Project_207;Standard_User_Profile;Access_Share571;Access_Share429;Network_Storage;R_Supplier_List;Windows_8;Mail_Access;Antivir_Delivery;Internal_Access_Share;Self Service;R_Shop_List;W_Local_Storage;Service_Ticket_Load;R_Guidelines;Intranet_Access;Service_Ticket_Reg;R_External_List;R_Strategic_Planning;W_Company_Publications;R_External_Announcements;R_Security_Incidents;Firewall_SW;MUC_Access;MUC_Access_Extended;MUC_Network;MUC_Adv_Share;Internal_Employee;Mailing_Group";personal;Internal;21.04.2019
CN=Clementina Bush,OU=Treasury,OU=Finance,OU=Operations and Finance,DC=Demo_Company;olivic03273;cBush;Clementina;Bush;München;"R_Supplier_Office_List;Standard_User_Profile;R_Rentals;R_Munich_Access_Share;R_Customer_List;R_Public_Announcements;Mail_Access;R_Guidelines;Intranet_Access;W_Company_Publications;R_External_Announcements;Firewall_SW;MUC_Access;MUC_Access_Extended;MUC_Network;MUC_Adv_Share;Internal_Employee;Mailing_Group";personal;Internal;28.02.2019
CN=Cody Kern,OU=Treasury,OU=Finance,OU=Operations and Finance,DC=Demo_Company;stankc03941;cKern;Cody;Kern;München;"Cisco_UCS;R_Partner_List;R_External_Guides;Sales_Information;Project_14_ext_Extended;Intranet_Access_Extended;Network_Storage;R_Supplier_List;Windows_8;Network_Storage_Extended;Storage_Access;R_Guidance_Access_Share;Access_Share792;Mail_Access;Antivir_Delivery;Service_Ticket_Load;R_Guidelines;Intranet_Access;Service_Ticket_Reg;W_Company_Publications;R_External_Announcements;MUC_Access;MUC_Access_Extended;MUC_Network;MUC_Adv_Share;Internal_Employee;Mailing_Group";personal;Internal;03.09.2019
CN=Concetta Hummer,OU=Treasury,OU=Finance,OU=Operations and Finance,DC=Demo_Company;nagtac03568;cHummer;Concetta;Hummer;München;"Shop_Sales_Access;MUC_Access;MUC_Access_Extended;MUC_Network;MUC_Adv_Share;Internal_Employee;Mailing_Group";personal;Internal;02.07.2019
CN=Corrina Villenas,OU=Client Services,OU=Information Technology,DC=Demo_Company;villec00726;cVillenas;Corrina;Villenas;München;"Cisco_UCS;R_Partner_List;Access_Share791;Comp_Acc2;Admin_Backup_Queue;R_External_Guides;Sales_Information;Access_Share588;Access_Share694;R_Special_Deals;Admin_Cache1_Extended;Self Service_Win8;Intranet_Access_Extended;Access_Share345;Standard_User_Profile;Access_Share507;Access_Share790;R_Company_Profile;Access_Share569;Network_Storage;R_Supplier_List;Windows_8;Access_Share539;R_RegistrationServices;Network_Storage_Extended;Storage_Access;R_Guidance_Access_Share;Access_Share827;Access_Share817;Access_Share796;Office_2013;Access_Share792;Mail_Access;Antivir_Delivery;Internal_Access_Share;Novell_BorderMgr;Access_Share769;Self Service;R_Shop_List;Cloud_Storage_Extended;Comp_Acc3;Project_707;Project_702;Project_700;Access_Share696;Service_Ticket_Load;R_Guidelines;Intranet_Access;Service_Ticket_Reg;R_External_List;Access_Share633;Access_Share614;Access_Share612;W_Company_Publications;R_External_Announcements;Access_Share587;Access_Share589;Office_Template;Access_Share523;Access_Share501;Access_Share408;R_Management_Planning;MUC_Access;MUC_Access_Extended;MUC_Network;MUC_Adv_Share;Internal_Employee;Mailing_Group";personal;Internal;18.05.2019
CN=Curt Kern,OU=Treasury,OU=Finance,OU=Operations and Finance,DC=Demo_Company;olivic01682;cKern1;Curt;Kern;München;"Cisco_UCS;NortonAntiVir_User;R_External_Guides;Sales_Information;W_Shop_List_Extended;Self Service_Win8;Intranet_Access_Extended;Access_Share374;Network_Storage;Windows_8;Network_Storage_Extended;Storage_Access;R_Guidance_Access_Share;Mail_Access;Antivir_Delivery;Internal_Access_Share;Self Service;Access_Share764;Service_Ticket_Load;R_Guidelines;Intranet_Access;W_Company_Publications;MUC_Access;MUC_Access_Extended;MUC_Network;MUC_Adv_Share;Internal_Employee;Mailing_Group";personal;Internal;23.11.2019
CN=Cyrus Mei?ner,OU=Treasury,OU=Finance,OU=Operations and Finance,DC=Demo_Company;woollc01927;cWoollard;Cyrus;Woollard;München;"Access_Share374;Self Service;MUC_Access;MUC_Access_Extended;MUC_Network;MUC_Adv_Share;Internal_Employee;Mailing_Group";personal;Internal;04.01.2019
CN=Danial Barnes,OU=Treasury,OU=Finance,OU=Operations and Finance,DC=Demo_Company;Barnes01646;dBarnes;Danial;Barnes;München;"Cisco_UCS;NortonAntiVir_User;R_External_Guides;Sales_Information;W_Shop_List_Extended;Self Service_Win8;Intranet_Access_Extended;Access_Share374;Network_Storage;Windows_8;Network_Storage_Extended;Storage_Access;R_Guidance_Access_Share;Mail_Access;Access_Share785;Antivir_Delivery;Internal_Access_Share;Self Service;Access_Share764;Service_Ticket_Load;R_Guidelines;Intranet_Access;W_Company_Publications;MUC_Access;MUC_Access_Extended;MUC_Network;MUC_Adv_Share;Internal_Employee;Mailing_Group";personal;Internal;24.10.2019
CN=Danika Bouch,OU=Treasury,OU=Finance,OU=Operations and Finance,DC=Demo_Company;bouchd00971;dBouch;Danika;Bouch;München;"Cisco_UCS;R_Partner_List;R_External_Guides;Sales_Information_Extended;Self Service_Win8;Intranet_Access_Extended;Access_Share374;Standard_User_Profile;Access_Share735;Access_Share429;Network_Storage;R_Supplier_List;Windows_8;R_RegistrationServices;Access_Share594;Network_Storage_Extended;Storage_Access;Europe_Users;R_Guidance_Access_Share;Mail_Access;Antivir_Delivery;Internal_Access_Share;Self Service;R_Shop_List;W_Local_Storage;Service_Ticket_Load;R_Guidelines;Intranet_Access;Service_Ticket_Reg;Access_Share666;R_External_List;W_Company_Publications;R_External_Announcements;Access_Share604;R_Security_Incidents;MUC_Access;MUC_Access_Extended;MUC_Network;MUC_Adv_Share;Internal_Employee;Mailing_Group";personal;Internal;16.08.2019
CN=Danika Gosser,OU=Treasury,OU=Finance,OU=Operations and Finance,DC=Demo_Company;gossed02207;dGosser;Danika;Gosser;München;"Access_Share374;Self Service;MUC_Access;MUC_Access_Extended;MUC_Network;MUC_Adv_Share;Internal_Employee;Mailing_Group";personal;Internal;27.05.2019
CN=Darwin Bryant,OU=Treasury,OU=Finance,OU=Operations and Finance,DC=Demo_Company;Bryant01659;dBryant;Darwin;Bryant;München;"Cisco_UCS;NortonAntiVir_User;R_External_Guides;Sales_Information;W_Shop_List_Extended;Self Service_Win8;Intranet_Access_Extended;Access_Share374;Network_Storage;Windows_8;Network_Storage_Extended;Storage_Access;R_Guidance_Access_Share;Mail_Access;Antivir_Delivery;Internal_Access_Share;Self Service;Access_Share764;Service_Ticket_Load;R_Guidelines;Intranet_Access;W_Company_Publications;MUC_Access;MUC_Access_Extended;MUC_Network;MUC_Adv_Share;Internal_Employee;Mailing_Group";personal;Internal;08.02.2019
CN=Yan Elsen,OU=Customer Support,OU=Operations and Finance,DC=Demo_Company;elseny01475;elseny01475;Yan;Elsen;München;"Cisco_UCS;R_Partner_List;R_External_Guides;Sales_Information;R_Supplier_Office_List_Extended;Self Service_Win8;Intranet_Access_Extended;Project_207;Standard_User_Profile;Access_Share571;Access_Share429;Network_Storage;R_Supplier_List;Windows_8;Mail_Access;Antivir_Delivery;Internal_Access_Share;Self Service;R_Shop_List;W_Local_Storage;Service_Ticket_Load;R_Guidelines;Intranet_Access;Service_Ticket_Reg;R_External_List;R_Strategic_Planning;W_Company_Publications;R_External_Announcements;R_Security_Incidents;Firewall_SW;MUC_Access;MUC_Access_Extended;MUC_Network;MUC_Adv_Share;Internal_Employee;Mailing_Group";personal;Internal;03.07.2019
CN=David Sewall,OU=Treasury,OU=Finance,OU=Operations and Finance,DC=Demo_Company;sewald02143;dSewall;David;Sewall;München;"Access_Share374;Self Service;MUC_Access;MUC_Access_Extended;MUC_Network;MUC_Adv_Share;Internal_Employee;Mailing_Group";personal;Internal;26.08.2019
CN=Desadier,OU=Shop-19,OU=Shops,OU=Merchandising,DC=Demo_Company;desadd01349;desadd01349;Desadier;Sam;München;"Europe_Projects4;NortonAntiVir_User;Project_NT;Access_Share440;R_Customer_List;R_Public_Announcements;Access_Share891;Mail_Access;R_Guidelines;Intranet_Access;Service_Ticket_Reg;W_Company_Publications;R_External_Announcements;MUC_Access;MUC_Access_Extended;MUC_Network;MUC_Adv_Share;Internal_Employee;Mailing_Group";personal;Internal;19.08.2019
CN=Despina Hardaway,OU=Treasury,OU=Finance,OU=Operations and Finance,DC=Demo_Company;Hardaway01779;dHardaway;Despina;Hardaway;München;"Cisco_UCS;NortonAntiVir_User;R_External_Guides;Sales_Information;W_Shop_List_Extended;Self Service_Win8;Intranet_Access_Extended;Access_Share374;Network_Storage;Windows_8;Network_Storage_Extended;Storage_Access;R_Guidance_Access_Share;Mail_Access;Antivir_Delivery;Internal_Access_Share;Self Service;Access_Share764;Service_Ticket_Load;R_Guidelines;Intranet_Access;W_Company_Publications;MUC_Access;MUC_Access_Extended;MUC_Network;MUC_Adv_Share;Internal_Employee;Mailing_Group";personal;Internal;07.07.2019
CN=Dulcie Fiorino,OU=Treasury,OU=Finance,OU=Operations and Finance,DC=Demo_Company;fiorid01879;dFiorino;Dulcie;Fiorino;München;"Access_Share374;Self Service;MUC_Access;MUC_Access_Extended;MUC_Network;MUC_Adv_Share;Internal_Employee;Mailing_Group";personal;Internal;24.09.2019
CN=Dulcie Madrano,OU=Treasury,OU=Finance,OU=Operations and Finance,DC=Demo_Company;madrad03753;dMadrano;Dulcie;Madrano;München;"Cisco_UCS;R_Partner_List;R_External_Guides;Sales_Information_Extended;Self Service_Win8;Intranet_Access_Extended;Access_Share374;Network_Storage;R_Supplier_List;Windows_8;R_RegistrationServices;Network_Storage_Extended;Storage_Access;R_Guidance_Access_Share;Mail_Access;Antivir_Delivery;Internal_Access_Share;Self Service;R_Shop_List;Service_Ticket_Load;R_Guidelines;Intranet_Access;Access_Share690;Service_Ticket_Reg;R_External_List;Access_Share630;R_Management_Planning;MUC_Access;MUC_Access_Extended;MUC_Network;MUC_Adv_Share;Internal_Employee;Mailing_Group";personal;Internal;30.05.2019
CN=Dung Majercin,OU=Treasury,OU=Finance,OU=Operations and Finance,DC=Demo_Company;majerd01794;dMajercin;Dung;Majercin;München;"Access_Share374;Standard_User_Profile;Access_Share429;Self Service;W_Local_Storage;Access_Share604;MUC_Access;MUC_Access_Extended;MUC_Network;MUC_Adv_Share;Internal_Employee;Mailing_Group";personal;Internal;24.08.2019
CN=Eleanor Lighty,OU=Treasury,OU=Finance,OU=Operations and Finance,DC=Demo_Company;lighte01048;eLighty;Eleanor;Lighty;München;"Cisco_UCS;R_Partner_List;R_External_Guides;Sales_Information;R_Special_Deals_Extended;Self Service_Win8;Intranet_Access_Extended;Access_Share374;Standard_User_Profile;Access_Share454;Certificates;Access_Share371;Access_Share314;R_Company_Profile;Access_Share434;Access_Share416;Network_Storage;R_Supplier_List;Windows_8;R_RegistrationServices;Network_Storage_Extended;Storage_Access;Europe_Users;R_Guidance_Access_Share;Office_2013;Mail_Access;Antivir_Delivery;Internal_Access_Share;Self Service;R_Shop_List;Access_Share682;Service_Ticket_Load;R_Guidelines;Intranet_Access;Service_Ticket_Reg;Access_Share666;R_External_List;Access_Share630;W_Company_Publications;R_External_Announcements;Secretaries;Access_Share553;Access_Share480;MUC_Access;MUC_Access_Extended;MUC_Network;MUC_Adv_Share;Internal_Employee;Mailing_Group";personal;Internal;14.04.2019
CN=Elicia Gr?nwald,OU=Treasury,OU=Finance,OU=Operations and Finance,DC=Demo_Company;jorrie02590;eJorrisch;Elicia;Jorrisch;München;"Access_Share374;MUC_Access;MUC_Access_Extended;MUC_Network;MUC_Adv_Share;Internal_Employee;Mailing_Group";personal;Internal;18.04.2019
CN=Fredric B?cher,OU=Client Services,OU=Information Technology,DC=Demo_Company;aprilf00695;fApril;Fredric;April;München;"Cisco_UCS;R_Partner_List;Access_Share791;Admin_Backup_Queue;R_External_Guides;Sales_Information;Access_Share588;R_Special_Deals;Access_Share816;Admin_Cache1_Extended;Self Service_Win8;Intranet_Access_Extended;Access_Share345;Standard_User_Profile;Access_Share562;Certificates;Access_Share507;Access_Share790;R_Company_Profile;Access_Share569;Access_Share429;Network_Storage;R_Supplier_List;Windows_8;R_RegistrationServices;Network_Storage_Extended;Storage_Access;R_Guidance_Access_Share;Access_Share829;Access_Share827;Access_Share817;Access_Share796;Office_2013;Access_Share792;Mail_Access;Antivir_Delivery;Internal_Access_Share;Novell_BorderMgr;Access_Share769;Self Service;R_Shop_List;Cloud_Storage_Extended;Access_Share683;Project_707;W_Local_Storage;Service_Ticket_Load;R_Guidelines;Intranet_Access;Service_Ticket_Reg;R_External_List;Access_Share633;Access_Share630;W_Company_Publications;R_External_Announcements;Access_Share587;R_Security_Incidents;Access_Share573;Office_Template;Access_Share546;Access_Share521;Access_Share509;Access_Share501;Access_Share560;Access_Share408;Access_Share386;R_Management_Planning;MUC_Access;MUC_Access_Extended;MUC_Network;MUC_Adv_Share;Internal_Employee;Mailing_Group";personal;Internal;04.10.2019
CN=Goffe-Olivid,OU=Client Services,OU=Information Technology,DC=Demo_Company;goffeo00582;oGoffe;Olivid;Goffe;München;"Cisco_UCS;Comp_Acc2;R_External_Guides;Sales_Information;Access_Share588;Access_Share694;R_Special_Deals;Admin_Cache1_Extended;Self Service_Win8;Intranet_Access_Extended;Access_Share345;Standard_User_Profile;Access_Share569;Access_Share420;Network_Storage;R_Supplier_List;Windows_8;Office;R_RegistrationServices;Project_219;Network_Storage_Extended;Storage_Access;Access_Share838;R_Guidance_Access_Share;Access_Share796;Office_2013;Access_Share792;Mail_Access;Antivir_Delivery;Internal_Access_Share;Access_Share769;Self Service;R_Shop_List;Cloud_Storage_Extended;Project_702;Service_Ticket_Load;R_Guidelines;Intranet_Access;Service_Ticket_Reg;Access_Share666;R_External_List;Access_Share633;Access_Share630;W_Company_Publications;R_External_Announcements;Access_Share587;Access_Share589;Access_Share693;Access_Share560;Access_Share408;Access_Share386;R_Management_Planning;MUC_Access;MUC_Access_Extended;MUC_Network;MUC_Adv_Share;Internal_Employee;Mailing_Group";personal;Internal;14.11.2019
CN=Henry Ga?ner,OU=Client Services,OU=Information Technology,DC=Demo_Company;searbh00546;hSearby;Henry;Searby;München;"Cisco_UCS;R_Partner_List;Access_Share791;Comp_Acc2;Admin_Backup_Queue;Access_Share904;R_External_Guides;Sales_Information;Access_Share588;Access_Share540;Access_Share694;R_Special_Deals;Admin_Cache1_Extended;Self Service_Win8;Intranet_Access_Extended;Project_113;Access_Share345;Standard_User_Profile;Access_Share562;Certificates;Access_Share507;Access_Share790;R_Company_Profile;Access_Share569;Access_Share447;Access_Share420;Network_Storage;R_Supplier_List;Windows_8;Access_Share539;Access_Share613;R_RegistrationServices;Network_Storage_Extended;Storage_Access;Access_Share855;Access_Share854;Access_Share838;Access_Share843;R_Guidance_Access_Share;Access_Share827;Access_Share818;Access_Share817;Access_Share796;Office_2013;Access_Share792;Mail_Access;Antivir_Delivery;Internal_Access_Share;Novell_BorderMgr;Access_Share769;Access_Share768;Self Service;R_Shop_List;Cloud_Storage_Extended;Access_Share683;Comp_Acc3;W_Local_Storage;Project_702;Project_700;Access_Share696;Service_Ticket_Load;R_Guidelines;Intranet_Access;Service_Ticket_Reg;Access_Share661;R_External_List;Access_Share633;Access_Share617;Access_Share614;Access_Share612;W_Company_Publications;R_External_Announcements;Access_Share587;Access_Share589;Access_Share577;Office_Template;Access_Share547;Access_Share538;Access_Share529;Access_Share528;Access_Share524;Access_Share523;Access_Share457;Access_Share501;Access_Share693;Access_Share560;Access_Share408;Access_Share386;Project_188;Access_Share32;R_Management_Planning;MUC_Access;MUC_Access_Extended;MUC_Network;MUC_Adv_Share;Internal_Employee;Mailing_Group";personal;Internal;03.12.2019
CN=Henry Zellers,OU=Client Services,OU=Information Technology,DC=Demo_Company;zelleh02792;hZellers;Henry;Zellers;München;"Cisco_UCS;R_Partner_List;Access_Share791;Admin_Backup_Queue;Access_Share904;R_External_Guides;Sales_Information;Access_Share588;R_Special_Deals;Admin_Cache1_Extended;Self Service_Win8;Intranet_Access_Extended;Access_Share345;Standard_User_Profile;Access_Share562;Access_Share507;Access_Share790;R_Company_Profile;Access_Share569;Access_Share420;Network_Storage;R_Supplier_List;Windows_8;Access_Share539;R_RegistrationServices;Network_Storage_Extended;Storage_Access;Access_Share854;Access_Share850;Access_Share838;R_Guidance_Access_Share;Access_Share827;Access_Share818;Access_Share817;Access_Share796;Office_2013;Access_Share792;Mail_Access;Antivir_Delivery;Internal_Access_Share;Access_Share769;Access_Share768;Self Service;R_Shop_List;Access_Share732;Cloud_Storage_Extended;Access_Share683;W_Local_Storage;Access_Share696;Service_Ticket_Load;R_Guidelines;Intranet_Access;Service_Ticket_Reg;Access_Share661;R_External_List;Access_Share649;Access_Share633;Access_Share617;Access_Share614;Access_Share612;W_Company_Publications;R_External_Announcements;Access_Share587;Access_Share580;Access_Share589;Access_Share577;Office_Template;Access_Share538;Access_Share535;Access_Share524;Access_Share523;Access_Share457;Access_Share501;Access_Share560;Access_Share408;Access_Share386;Project_188;Access_Share65;R_Management_Planning;MUC_Access;MUC_Access_Extended;MUC_Network;MUC_Adv_Share;Internal_Employee;Mailing_Group";;Internal;14.08.2019
CN=Issac Vandebogart,OU=Client Services,OU=Information Technology,DC=Demo_Company;vandei00573;iVandebogart;Issac;Vandebogart;München;"Cisco_UCS;Access_Share598;R_Partner_List;Access_Share791;Comp_Acc2;Admin_Backup_Queue;R_External_Guides;Sales_Information;Access_Share588;Access_Share694;R_Special_Deals;Admin_Cache1_Extended;Self Service_Win8;Intranet_Access_Extended;Access_Share345;Standard_User_Profile;Certificates;Access_Share507;Access_Share790;Access_Share824;R_Company_Profile;Access_Share569;Access_Share432;Access_Share420;Access_Share428;Network_Storage;R_Supplier_List;Windows_8;R_Customer_List;R_RegistrationServices;Network_Storage_Extended;W_RegistrationServices;Storage_Access;Access_Share838;Access_Share843;R_Guidance_Access_Share;Access_Share827;Access_Share818;Access_Share817;Access_Share796;Office_2013;Access_Share792;Mail_Access;Antivir_Delivery;Internal_Access_Share;Access_Share769;Self Service;R_Shop_List;Access_Share730;Cloud_Storage_Extended;Access_Share683;Project_706;W_Local_Storage;Project_702;Project_700;Access_Share696;Service_Ticket_Load;Access_Share677;R_Guidelines;Intranet_Access;Access_Share690;Access_Share674;Service_Ticket_Reg;R_External_List;Access_Share633;W_Company_Publications;R_External_Announcements;Access_Share587;Access_Share604;Access_Share589;Office_Template;Access_Share501;Access_Share693;Access_Share560;Access_Share408;Access_Share386;Project_188;R_Management_Planning;MUC_Access;MUC_Access_Extended;MUC_Network;MUC_Adv_Share;Internal_Employee;Mailing_Group";personal;Internal;30.10.2019
CN=J?rgen B?r,OU=Client Services,OU=Information Technology,DC=Demo_Company;jacquv00581;vJacquemin;Vesta;Jacquemin;München;"Cisco_UCS;Access_Share598;R_Partner_List;Access_Share485;Access_Share791;Comp_Acc2;Admin_Backup_Queue;R_External_Guides;Sales_Information;Access_Share588;R_Supplier_Office_List;Access_Share694;R_Special_Deals;Admin_Cache1_Extended;Self Service_Win8;Intranet_Access_Extended;Access_Share841;Access_Share345;Standard_User_Profile;Certificates;Access_Share507;Access_Share790;Access_Share735;Access_Share371;Access_Share66;Access_Share676;Access_Share548;R_Company_Profile;Access_Share569;Access_Share440;Access_Share429;Access_Share420;Network_Storage;R_Supplier_List;Windows_8;Office;R_Customer_List;R_RegistrationServices;Cloud_Storage_Extended_Edit;Network_Storage_Extended;HP_Laserjet;Storage_Access;Access_Share861;Access_Share850;Access_Share838;R_Guidance_Access_Share;Access_Share827;Access_Share817;Access_Share796;Office_2013;Access_Share792;Mail_Access;Antivir_Delivery;Internal_Access_Share;Novell_BorderMgr;Access_Share769;Self Service;R_Shop_List;Cloud_Storage_Extended;Access_Share683;Project_705;Project_707;W_Local_Storage;Project_702;Project_700;Access_Share682;Service_Ticket_Load;R_Guidelines;Intranet_Access;Access_Share673;Service_Ticket_Reg;R_External_List;Access_Share643;Access_Share639;Access_Share633;Access_Share630;Access_Share614;Access_Share612;W_Company_Publications;R_External_Announcements;Access_Share587;Access_Share604;R_Security_Incidents;Office_Template;Access_Share553;Access_Share551;Access_Share552;Access_Share521;Access_Share523;Access_Share459;Access_Share509;Access_Share501;Access_Share698;Access_Share693;Access_Share560;Access_Share408;Access_Share386;Access_Share65;Project_19;R_Management_Planning;MUC_Access;MUC_Access_Extended;MUC_Network;MUC_Adv_Share;Internal_Employee;Mailing_Group";personal;Internal;30.05.2019
CN=J?rgen Husenaj,OU=Client Services,OU=Information Technology,DC=Demo_Company;husenv00549;vHusenaj;Vesta;Husenaj;München;"Cisco_UCS;Project_212;Access_Share598;R_Partner_List;Access_Share791;Comp_Acc2;Admin_Backup_Queue;R_External_Guides;Sales_Information;Access_Share588;Access_Share694;R_Special_Deals;Access_Share816;Admin_Cache1_Extended;Self Service_Win8;Intranet_Access_Extended;Access_Share345;Standard_User_Profile;Certificates;Access_Share507;Access_Share790;Access_Share319;Access_Share316;R_Company_Profile;Access_Share569;Access_Share429;Access_Share420;Access_Share418;Network_Storage;R_Supplier_List;Windows_8;R_RegistrationServices;Network_Storage_Extended;Storage_Access;Access_Share835;Access_Share838;R_Guidance_Access_Share;Access_Share827;Access_Share818;Access_Share817;Access_Share796;Office_2013;Access_Share792;Mail_Access;Antivir_Delivery;Internal_Access_Share;Novell_BorderMgr;Access_Share769;Self Service;R_Shop_List;Cloud_Storage_Extended;Access_Share683;Comp_Acc3;Project_705;Project_704;Project_707;W_Local_Storage;Project_702;Project_700;Access_Share680;Service_Ticket_Load;R_Guidelines;Intranet_Access;Access_Share673;Service_Ticket_Reg;Access_Share670;R_External_List;Access_Share649;Access_Share633;Access_Share614;Access_Share612;W_Company_Publications;R_External_Announcements;Access_Share587;Access_Share604;W_Security_Incidents;Office_Template;Access_Share523;Access_Share509;Access_Share508;Access_Share501;Access_Share693;Access_Share560;Access_Share408;Access_Share65;R_Management_Planning;MUC_Access;MUC_Access_Extended;MUC_Network;MUC_Adv_Share;Internal_Employee;Mailing_Group";personal;Internal;21.03.2019
CN=Jarod Andreen,OU=Client Services,OU=Information Technology,DC=Demo_Company;andrej00547;jAndreen;Jarod;Andreen;München;"Cisco_UCS;R_Partner_List;Access_Share791;Admin_Backup_Queue;Access_Share904;R_External_Guides;Sales_Information;Access_Share588;R_Special_Deals;Admin_Cache1_Extended;Self Service_Win8;Intranet_Access_Extended;Project_113;Access_Share345;Standard_User_Profile;Access_Share562;Access_Share507;Access_Share790;R_Company_Profile;Access_Share569;Access_Share440;Access_Share432;Access_Share420;Network_Storage;R_Supplier_List;Windows_8;Access_Share539;R_Customer_List;R_RegistrationServices;Network_Storage_Extended;Access_Share901;Storage_Access;Access_Share855;Access_Share854;Access_Share838;R_Guidance_Access_Share;Access_Share827;Access_Share817;Access_Share796;Office_2013;Access_Share792;Mail_Access;Antivir_Delivery;Internal_Access_Share;Access_Share769;Access_Share768;Self Service;R_Shop_List;Cloud_Storage_Extended;Access_Share683;Comp_Acc3;W_Local_Storage;Project_700;Access_Share696;Service_Ticket_Load;R_Guidelines;Intranet_Access;Service_Ticket_Reg;Access_Share661;R_External_List;Access_Share649;Access_Share633;Access_Share617;Access_Share614;Access_Share612;W_Company_Publications;R_External_Announcements;Access_Share587;R_Security_Incidents;Access_Share580;Access_Share589;Access_Share577;Office_Template;Access_Share538;Access_Share535;Access_Share528;Access_Share524;Access_Share523;Access_Share457;Access_Share501;Access_Share693;Access_Share560;Access_Share408;Access_Share386;Project_188;Access_Share65;Access_Share32;R_Management_Planning;MUC_Access;MUC_Access_Extended;MUC_Network;MUC_Adv_Share;Internal_Employee;Mailing_Group";personal;Internal;24.06.2019
CN=Jarod H?sl,OU=Client Services,OU=Information Technology,DC=Demo_Company;bradtj00673;jBradtke;Jarod;Bradtke;München;"Cisco_UCS;R_Partner_List;Access_Share791;Comp_Acc2;Admin_Backup_Queue;Access_Share904;R_External_Guides;Sales_Information;Access_Share588;R_Supplier_Office_List;Access_Share694;R_Special_Deals;Admin_Cache1_Extended;Self Service_Win8;Intranet_Access_Extended;Project_113;Access_Share345;Standard_User_Profile;Access_Share562;Access_Share507;Access_Share790;R_Company_Profile;Access_Share569;Access_Share429;Access_Share420;Network_Storage;R_Supplier_List;Windows_8;R_RegistrationServices;Network_Storage_Extended;Storage_Access;Access_Share855;Access_Share854;Access_Share834;R_Guidance_Access_Share;Access_Share827;Access_Share818;Access_Share817;Access_Share796;Office_2013;Access_Share792;Mail_Access;Antivir_Delivery;Internal_Access_Share;Novell_BorderMgr;Access_Share769;Access_Share768;Self Service;R_Shop_List;Cloud_Storage_Extended;Access_Share683;Comp_Acc3;W_Local_Storage;Project_702;Access_Share696;Service_Ticket_Load;R_Guidelines;Intranet_Access;Service_Ticket_Reg;Access_Share661;R_External_List;Access_Share643;Access_Share633;Access_Share617;Access_Share614;Access_Share612;W_Company_Publications;R_External_Announcements;Access_Share587;Access_Share604;Access_Share589;Access_Share577;Office_Template;Access_Share538;Access_Share535;Access_Share528;Access_Share524;Access_Share523;Access_Share457;Access_Share501;Access_Share560;Access_Share408;Access_Share386;Project_188;R_Management_Planning;MUC_Access;MUC_Access_Extended;MUC_Network;MUC_Adv_Share;Internal_Employee;Mailing_Group";personal;Internal;13.05.2019
CN=Jayne Brookover,OU=Client Services,OU=Information Technology,DC=Demo_Company;brookj00544;jBrookover;Jayne;Brookover;München;"Cisco_UCS;Access_Share598;R_Partner_List;Access_Share791;Comp_Acc2;Admin_Backup_Queue;Access_Share905;R_External_Guides;Sales_Information;Access_Share588;Access_Share694;R_Special_Deals;Access_Share816;Admin_Cache1_Extended;Self Service_Win8;Intranet_Access_Extended;Access_Share345;Standard_User_Profile;Access_Share562;Access_Share507;Access_Share790;Access_Share316;R_Company_Profile;Access_Share569;Access_Share436;Access_Share420;Network_Storage;R_Supplier_List;Windows_8;R_RegistrationServices;Network_Storage_Extended;Storage_Access;Access_Share854;Access_Share838;R_Guidance_Access_Share;Access_Share827;Access_Share817;Access_Share796;Office_2013;Access_Share792;Mail_Access;Antivir_Delivery;Internal_Access_Share;Novell_BorderMgr;Access_Share769;Access_Share768;Self Service;R_Shop_List;Cloud_Storage_Extended;Access_Share683;Comp_Acc3;Project_705;Project_707;W_Local_Storage;Project_702;Project_700;Access_Share696;Service_Ticket_Load;R_Guidelines;Intranet_Access;Access_Share673;Service_Ticket_Reg;R_External_List;Access_Share633;W_Company_Publications;R_External_Announcements;Access_Share587;Office_Template;Access_Share501;Access_Share693;Access_Share560;Access_Share408;Access_Share386;R_Management_Planning;MUC_Access;MUC_Access_Extended;MUC_Network;MUC_Adv_Share;Internal_Employee;Mailing_Group";personal;Internal;05.02.2019
CN=Jude Whitehead,OU=Client Services,OU=Information Technology,DC=Demo_Company;whitej00585;jWhitehead;Jude;Whitehead;München;"Cisco_UCS;R_Partner_List;Access_Share791;Admin_Backup_Queue;R_External_Guides;Sales_Information;Access_Share588;R_Special_Deals;Admin_Cache1_Extended;Self Service_Win8;Intranet_Access_Extended;Access_Share345;Standard_User_Profile;Access_Share507;Access_Share790;R_Company_Profile;Access_Share569;Access_Share420;Access_Share418;Network_Storage;R_Supplier_List;Access_Share399;Windows_8;R_RegistrationServices;Network_Storage_Extended;Storage_Access;Access_Share854;Access_Share838;R_Guidance_Access_Share;Access_Share827;Access_Share817;Access_Share796;Office_2013;Access_Share792;Mail_Access;Antivir_Delivery;Internal_Access_Share;Novell_BorderMgr;Access_Share769;Self Service;Access_Share764;R_Shop_List;Cloud_Storage_Extended;Access_Share683;Comp_Acc3;Project_705;Project_707;W_Local_Storage;Project_700;Access_Share696;Service_Ticket_Load;R_Guidelines;Intranet_Access;Service_Ticket_Reg;Access_Share661;R_External_List;Access_Share643;Access_Share633;Access_Share617;Access_Share606;Access_Share614;Access_Share612;W_Company_Publications;R_External_Announcements;Access_Share587;Office_Template;Access_Share523;Access_Share693;Access_Share560;Access_Share408;Access_Share386;Project_188;R_Management_Planning;MUC_Access;MUC_Access_Extended;MUC_Network;MUC_Adv_Share;Internal_Employee;Mailing_Group";personal;Internal;15.07.2019
CN=Julene Y?cksel,OU=Treasury,OU=Finance,OU=Operations and Finance,DC=Demo_Company;melcej01910;jMelcer;Julene;Melcer;München;"Access_Share374;Self Service;MUC_Access;MUC_Access_Extended;MUC_Network;MUC_Adv_Share;Internal_Employee;Mailing_Group";personal;Internal;04.02.2019
CN=Julieta Jordan,OU=Treasury,OU=Finance,OU=Operations and Finance,DC=Demo_Company;olivij01008;jJordan;Julieta;Jordan;München;"Cisco_UCS;NortonAntiVir_User;R_External_Guides;Sales_Information;W_Shop_List_Extended;Self Service_Win8;Intranet_Access_Extended;Access_Share374;Standard_User_Profile;Access_Share429;Network_Storage;Windows_8;Network_Storage_Extended;Storage_Access;R_Guidance_Access_Share;Mail_Access;Antivir_Delivery;Internal_Access_Share;Self Service;W_Local_Storage;Service_Ticket_Load;R_Guidelines;Intranet_Access;Access_Share630;W_Company_Publications;R_External_Announcements;Access_Share604;MUC_Access;MUC_Access_Extended;MUC_Network;MUC_Adv_Share;Internal_Employee;Mailing_Group";personal;Internal;28.05.2019
CN=Kassie Potter,OU=Treasury,OU=Finance,OU=Operations and Finance,DC=Demo_Company;olivik02218;kPotter;Kassie;Potter;München;"Cisco_UCS;R_External_Guides;Sales_Information_Extended;Self Service_Win8;Intranet_Access_Extended;Access_Share374;Standard_User_Profile;Network_Storage;R_Supplier_List;Windows_8;Network_Storage_Extended;Storage_Access;R_Guidance_Access_Share;Mail_Access;Antivir_Delivery;Internal_Access_Share;Self Service;Access_Share764;Service_Ticket_Load;R_Guidelines;Intranet_Access;Access_Share630;W_Company_Publications;MUC_Access;MUC_Access_Extended;MUC_Network;MUC_Adv_Share;Internal_Employee;Mailing_Group";personal;Internal;26.08.2019
CN=Kathline Bricknell,OU=Treasury,OU=Finance,OU=Operations and Finance,DC=Demo_Company;brickk02058;kBricknell;Kathline;Bricknell;München;"Access_Share374;Self Service;MUC_Access;MUC_Access_Extended;MUC_Network;MUC_Adv_Share;Internal_Employee;Mailing_Group";shared;Internal;23.01.2019
CN=Katon-Olivid,OU=Client Services,OU=Information Technology,DC=Demo_Company;katono00562;oKaton;Olivid;Katon;München;"Cisco_UCS;Access_Share485;Comp_Acc2;Admin_Backup_Queue;R_External_Guides;Sales_Information;Access_Share588;Access_Share694;R_Special_Deals;Access_Share816;Admin_Cache1_Extended;Self Service_Win8;Intranet_Access_Extended;Access_Share345;Standard_User_Profile;Access_Share569;Access_Share420;Network_Storage;R_Supplier_List;Windows_8;Office;R_RegistrationServices;Project_219;Network_Storage_Extended;Storage_Access;Access_Share838;R_Guidance_Access_Share;Access_Share817;Access_Share796;Office_2013;Access_Share792;Mail_Access;Antivir_Delivery;Internal_Access_Share;Access_Share769;Self Service;Cloud_Storage_Extended;Comp_Acc6;Access_Share683;Project_702;Service_Ticket_Load;R_Guidelines;Intranet_Access;Service_Ticket_Reg;Access_Share666;Access_Share633;Access_Share627;Access_Share614;Access_Share612;W_Company_Publications;R_External_Announcements;Access_Share587;Access_Share523;Access_Share693;Access_Share560;Access_Share408;Access_Share386;R_Management_Planning;MUC_Access;MUC_Access_Extended;MUC_Network;MUC_Adv_Share;Internal_Employee;Mailing_Group";personal;Internal;14.09.2019
CN=Kendal Krucker,OU=Treasury,OU=Finance,OU=Operations and Finance,DC=Demo_Company;kruckk02832;kKrucker;Kendal;Krucker;München;"Access_Share374;MUC_Access;MUC_Access_Extended;MUC_Network;MUC_Adv_Share;Internal_Employee;Mailing_Group";personal;Internal;15.02.2019
CN=Kendal Scheer,OU=Treasury,OU=Finance,OU=Operations and Finance,DC=Demo_Company;scheek02099;kScheer;Kendal;Scheer;München;"Access_Share374;MUC_Access;MUC_Access_Extended;MUC_Network;MUC_Adv_Share;Internal_Employee;Mailing_Group";personal;Internal;15.06.2019
CN=Kenneth Swift,OU=Treasury,OU=Finance,OU=Operations and Finance,DC=Demo_Company;olivik01211;kSwift;Kenneth;Swift;München;"Cisco_UCS;NortonAntiVir_User;R_External_Guides;Sales_Information;W_Shop_List_Extended;Self Service_Win8;Intranet_Access_Extended;Access_Share374;Standard_User_Profile;Access_Share429;Network_Storage;Windows_8;Network_Storage_Extended;Storage_Access;R_Guidance_Access_Share;Mail_Access;Antivir_Delivery;Internal_Access_Share;Self Service;Access_Share764;W_Local_Storage;Service_Ticket_Load;R_Guidelines;Intranet_Access;Access_Share630;W_Company_Publications;R_External_Announcements;Access_Share604;MUC_Access;MUC_Access_Extended;MUC_Network;MUC_Adv_Share;Internal_Employee;Mailing_Group";personal;Internal;29.12.2019
CN=Khadijah Oelschl?gel,OU=Client Services,OU=Information Technology,DC=Demo_Company;virtuk00624;kVirtue;Khadijah;Virtue;München;"Cisco_UCS;R_Partner_List;Access_Share791;Admin_Backup_Queue;R_External_Guides;Sales_Information;Access_Share588;Admin_Cache1_Extended;Self Service_Win8;Intranet_Access_Extended;Access_Share345;Standard_User_Profile;Access_Share562;Access_Share507;Access_Share790;Access_Share569;Access_Share420;Network_Storage;R_Supplier_List;Windows_8;R_Customer_List;R_RegistrationServices;Network_Storage_Extended;W_RegistrationServices;HP_Laserjet;Storage_Access;R_Guidance_Access_Share;Access_Share827;Access_Share817;Access_Share796;Access_Share792;Mail_Access;Antivir_Delivery;Internal_Access_Share;Novell_BorderMgr;Self Service;R_Shop_List;Cloud_Storage_Extended;Access_Share683;W_Local_Storage;Project_700;Service_Ticket_Load;R_Guidelines;Intranet_Access;Service_Ticket_Reg;Access_Share661;R_External_List;Access_Share633;Access_Share630;Access_Share614;Access_Share612;W_Company_Publications;R_External_Announcements;Access_Share587;R_Security_Incidents;Office_Template;Access_Share546;Root_Server;Access_Share524;Access_Share523;Access_Share874;Access_Share560;Access_Share408;Access_Share386;R_Management_Planning;MUC_Access;MUC_Access_Extended;MUC_Network;MUC_Adv_Share;Internal_Employee;Mailing_Group";personal;Internal;06.05.2019
CN=Kins Gr?nwald,OU=Treasury,OU=Finance,OU=Operations and Finance,DC=Demo_Company;jorrik01900;kJorrisch;Kins;Jorrisch;München;"Access_Share374;Self Service;MUC_Access;MUC_Access_Extended;MUC_Network;MUC_Adv_Share;Internal_Employee;Mailing_Group";personal;Internal;02.02.2019
CN=Kins Perham,OU=Client Services,OU=Information Technology,DC=Demo_Company;perhak00632;kPerham;Kins;Perham;München;"Cisco_UCS;R_Partner_List;Access_Share485;Access_Share791;Admin_Backup_Queue;R_External_Guides;Sales_Information;Access_Share588;R_Special_Deals;Access_Share816;Admin_Cache1_Extended;Access_Share84;Self Service_Win8;Intranet_Access_Extended;Access_Share345;Standard_User_Profile;Access_Share562;Access_Share507;Access_Share790;Europe_Projects8;R_Company_Profile;Access_Share418;Network_Storage;R_Supplier_List;Windows_8;R_RegistrationServices;Network_Storage_Extended;Storage_Access;R_Guidance_Access_Share;Access_Share829;Access_Share827;Access_Share817;Access_Share796;Office_2013;Access_Share792;Mail_Access;Antivir_Delivery;Internal_Access_Share;Novell_BorderMgr;Self Service;R_Shop_List;Cloud_Storage_Extended;Project_705;Project_707;W_Local_Storage;Service_Ticket_Load;R_Guidelines;Intranet_Access;Service_Ticket_Reg;R_External_List;Access_Share643;Access_Share633;W_Company_Publications;R_External_Announcements;Access_Share587;R_Security_Incidents;Access_Share521;R_Management_Planning;MUC_Access;MUC_Access_Extended;MUC_Network;MUC_Adv_Share;Internal_Employee;Mailing_Group";personal;Internal;17.10.2019
CN=Kraig White,OU=Treasury,OU=Finance,OU=Operations and Finance,DC=Demo_Company;olivik02028;kWhite;Kraig;White;München;"Cisco_UCS;R_External_Guides;Sales_Information_Extended;Self Service_Win8;Intranet_Access_Extended;Access_Share374;Network_Storage;R_Supplier_List;Windows_8;R_RegistrationServices;Network_Storage_Extended;Storage_Access;R_Guidance_Access_Share;Mail_Access;Antivir_Delivery;Internal_Access_Share;Self Service;Service_Ticket_Load;R_Guidelines;Intranet_Access;Access_Share630;MUC_Access;MUC_Access_Extended;MUC_Network;MUC_Adv_Share;Internal_Employee;Mailing_Group";personal;Internal;12.11.2019
CN=Kristine Boardman,OU=Client Services,OU=Information Technology,DC=Demo_Company;boardk00565;kBoardman;Kristine;Boardman;München;"Cisco_UCS;Access_Share598;R_Partner_List;Access_Share791;Comp_Acc2;Admin_Backup_Queue;Access_Share905;R_External_Guides;Sales_Information;Access_Share588;Access_Share694;R_Special_Deals;Access_Share816;Admin_Cache1_Extended;Access_Share84;Self Service_Win8;Intranet_Access_Extended;Access_Share345;Standard_User_Profile;Access_Share562;Certificates;Access_Share507;Access_Share790;Access_Share824;R_Company_Profile;Access_Share569;Access_Share429;Access_Share420;Access_Share418;Access_Share428;Network_Storage;R_Supplier_List;Windows_8;Novell+;Office;R_RegistrationServices;Network_Storage_Extended;Storage_Access;Access_Share835;Access_Share838;R_Guidance_Access_Share;Access_Share827;Access_Share817;Access_Share796;Office_2013;Access_Share792;Mail_Access;Antivir_Delivery;Internal_Access_Share;Novell_BorderMgr;Access_Share769;Access_Share768;Self Service;R_Shop_List;Cloud_Storage_Extended;Access_Share683;Comp_Acc3;Project_705;Project_704;Project_707;W_Local_Storage;Project_702;Project_700;Service_Ticket_Load;R_Guidelines;Intranet_Access;Service_Ticket_Reg;R_External_List;Access_Share633;Access_Share617;Access_Share614;Access_Share612;W_Company_Publications;R_External_Announcements;Access_Share587;R_Security_Incidents;Office_Template;Access_Share521;Access_Share523;Access_Share501;Access_Share693;Access_Share560;Access_Share408;Access_Share386;Project_19;R_Management_Planning;MUC_Access;MUC_Access_Extended;MUC_Network;MUC_Adv_Share;Internal_Employee;Mailing_Group";personal;Internal;28.12.2019
CN=Kusch-Olivid,OU=Client Services,OU=Information Technology,DC=Demo_Company;kuscho00197;oKusch;Olivid;Kusch;München;"Access_Share588;Access_Share345;Standard_User_Profile;Access_Share569;Network_Storage;Windows_8;Mail_Access;Self Service;Service_Ticket_Reg;W_Company_Publications;MUC_Access;MUC_Access_Extended;MUC_Network;MUC_Adv_Share;Internal_Employee;Mailing_Group";personal;Internal;22.10.2019
CN=Lai Macmillen,OU=Treasury,OU=Finance,OU=Operations and Finance,DC=Demo_Company;macmil02372;lMacmillen;Lai;Macmillen;München;"Access_Share374;Self Service;Access_Share630;MUC_Access;MUC_Access_Extended;MUC_Network;MUC_Adv_Share;Internal_Employee;Mailing_Group";personal;Internal;21.06.2019
CN=Lamonica Adjei,OU=Treasury,OU=Finance,OU=Operations and Finance,DC=Demo_Company;adjeil04073;lAdjei;Lamonica;Adjei;München;"R_Partner_List;Access_Share374;Self Service;MUC_Access;MUC_Access_Extended;MUC_Network;MUC_Adv_Share;Internal_Employee;Mailing_Group";personal;Internal;04.04.2019
CN=Laverna Izaguirre,OU=Treasury,OU=Finance,OU=Operations and Finance,DC=Demo_Company;izagul01982;lIzaguirre;Laverna;Izaguirre;München;"Cisco_UCS;R_Partner_List;R_External_Guides;Sales_Information_Extended;Self Service_Win8;Intranet_Access_Extended;Access_Share374;Standard_User_Profile;Network_Storage;R_Supplier_List;Windows_8;R_RegistrationServices;Network_Storage_Extended;Storage_Access;R_Guidance_Access_Share;Mail_Access;Antivir_Delivery;Internal_Access_Share;Self Service;R_Shop_List;Service_Ticket_Load;R_Guidelines;Intranet_Access;Access_Share690;Service_Ticket_Reg;R_External_List;Access_Share630;W_Company_Publications;MUC_Access;MUC_Access_Extended;MUC_Network;MUC_Adv_Share;Internal_Employee;Mailing_Group";personal;Internal;2019-2-29
CN=Lavina Fisher,OU=Treasury,OU=Finance,OU=Operations and Finance,DC=Demo_Company;olivil01542;lFisher;Lavina;Fisher;München;"Cisco_UCS;NortonAntiVir_User;R_External_Guides;Sales_Information;W_Shop_List_Extended;Self Service_Win8;Intranet_Access_Extended;Access_Share374;Standard_User_Profile;Access_Share429;Network_Storage;Windows_8;Network_Storage_Extended;Storage_Access;R_Guidance_Access_Share;Mail_Access;Antivir_Delivery;Internal_Access_Share;Self Service;W_Local_Storage;Service_Ticket_Load;R_Guidelines;Intranet_Access;Access_Share630;W_Company_Publications;R_External_Announcements;Access_Share604;R_Security_Incidents;MUC_Access;MUC_Access_Extended;MUC_Network;MUC_Adv_Share;Internal_Employee;Mailing_Group";personal;Internal;30.10.2019
CN=Lawhon Bendell,OU=Treasury,OU=Finance,OU=Operations and Finance,DC=Demo_Company;bendel02133;lBendell;Lawhon;Bendell;München;"Cisco_UCS;R_Partner_List;Sales_Information_Extended;Access_Share374;Mail_Access;Internal_Access_Share;Self Service;MUC_Access;MUC_Access_Extended;MUC_Network;MUC_Adv_Share;Internal_Employee;Mailing_Group";personal;Internal;27.12.2019
CN=Lee Bjork,OU=Client Services,OU=Information Technology,DC=Demo_Company;bjorkl02401;lBjork;Lee;Bjork;München;"Cisco_UCS;Access_Share598;R_Partner_List;Access_Share791;Comp_Acc2;Admin_Backup_Queue;R_External_Guides;Sales_Information;Access_Share588;Access_Share694;R_Special_Deals;Admin_Cache1_Extended;Intranet_Access_Extended;Access_Share345;Standard_User_Profile;Access_Share507;Access_Share790;R_Company_Profile;Access_Share569;Network_Storage;R_Supplier_List;Windows_8;R_RegistrationServices;Network_Storage_Extended;Storage_Access;R_Guidance_Access_Share;Access_Share827;Access_Share817;Access_Share796;Office_2013;Access_Share792;Mail_Access;Antivir_Delivery;Internal_Access_Share;Novell_BorderMgr;Access_Share769;Self Service;R_Shop_List;Cloud_Storage_Extended;Project_702;Project_700;Service_Ticket_Load;R_Guidelines;Intranet_Access;Service_Ticket_Reg;R_External_List;Access_Share633;Access_Share614;Access_Share612;W_Company_Publications;R_External_Announcements;Access_Share587;Access_Share604;Office_Template;Access_Share547;Access_Share523;Access_Share501;Access_Share408;R_Management_Planning;MUC_Access;MUC_Access_Extended;MUC_Network;MUC_Adv_Share;Internal_Employee;Mailing_Group";personal;Internal;14.10.2019
CN=Leslie Hitchman,OU=Client Services,OU=Information Technology,DC=Demo_Company;hitchl00550;lHitchman;Leslie;Hitchman;München;"Cisco_UCS;Access_Share759;Access_Share598;R_Partner_List;Access_Share485;Access_Share791;Comp_Acc2;Admin_Backup_Queue;R_External_Guides;Sales_Information;Access_Share588;R_Supplier_Office_List;Access_Share503;Access_Share694;R_Special_Deals;Access_Share816;Admin_Cache1_Extended;Self Service_Win8;Intranet_Access_Extended;Access_Share345;Standard_User_Profile;Access_Share562;Certificates;Access_Share622;Access_Share507;Access_Share790;Access_Share676;R_Company_Profile;Access_Share569;Access_Share432;Access_Share420;Network_Storage;R_Supplier_List;Windows_8;R_Customer_List;R_RegistrationServices;Network_Storage_Extended;W_RegistrationServices;HP_Laserjet;Storage_Access;Access_Share861;Access_Share854;Access_Share850;Access_Share838;Access_Share843;Access_Share856;R_Guidance_Access_Share;Access_Share827;Access_Share817;Access_Share796;Office_2013;Access_Share792;Mail_Access;Antivir_Delivery;Internal_Access_Share;Novell_BorderMgr;Self Service;Access_Share745;R_Shop_List;Access_Share733;Cloud_Storage_Extended;Access_Share683;Comp_Acc3;Project_705;Project_707;W_Local_Storage;Project_702;Project_700;Access_Share696;Access_Share679;Service_Ticket_Load;R_Guidelines;Intranet_Access;Service_Ticket_Reg;R_External_List;W_Munich_Access_Share;Access_Share633;Access_Share630;Access_Share614;Access_Share612;W_Company_Publications;R_External_Announcements;Access_Share587;R_Security_Incidents;Access_Share589;Office_Template;Access_Share552;Access_Share523;Access_Share509;Access_Share501;Access_Share693;Access_Share560;Access_Share408;Project_188;Access_Share65;R_Management_Planning;MUC_Access;MUC_Access_Extended;MUC_Network;MUC_Adv_Share;Internal_Employee;Mailing_Group";personal;Internal;25.09.2019
CN=Loreta Seagroves,OU=Client Services,OU=Information Technology,DC=Demo_Company;seagrl00574;lSeagroves;Loreta;Seagroves;München;"Cisco_UCS;R_Partner_List;Access_Share791;Comp_Acc2;Admin_Backup_Queue;R_External_Guides;Sales_Information;Access_Share588;Access_Share694;R_Special_Deals;Admin_Cache1_Extended;Self Service_Win8;Intranet_Access_Extended;Access_Share345;Standard_User_Profile;Certificates;Access_Share507;Access_Share790;R_Company_Profile;Access_Share569;Access_Share429;Access_Share428;Network_Storage;R_Supplier_List;Windows_8;R_RegistrationServices;Network_Storage_Extended;Storage_Access;R_Guidance_Access_Share;Access_Share827;Access_Share817;Access_Share796;Office_2013;Access_Share792;Mail_Access;Antivir_Delivery;Internal_Access_Share;Novell_BorderMgr;Access_Share769;Self Service;R_Shop_List;Cloud_Storage_Extended;Access_Share683;Comp_Acc3;Project_702;Project_700;Service_Ticket_Load;R_Guidelines;Intranet_Access;Service_Ticket_Reg;Access_Share669;R_External_List;Access_Share633;Access_Share627;Access_Share617;Access_Share614;Access_Share612;W_Company_Publications;R_External_Announcements;Access_Share587;Access_Share604;Office_Template;Access_Share523;Access_Share501;Access_Share693;Access_Share560;Access_Share408;R_Management_Planning;MUC_Access;MUC_Access_Extended;MUC_Network;MUC_Adv_Share;Internal_Employee;Mailing_Group";personal;Internal;18.02.2019
CN=Lupacchino Ringland,OU=Client Services,OU=Information Technology,DC=Demo_Company;ringll00639;lRingland;Lupacchino;Ringland;München;"Cisco_UCS;Access_Share598;R_Partner_List;Access_Share791;Comp_Acc2;Admin_Backup_Queue;R_External_Guides;Sales_Information;Access_Share588;Access_Share694;R_Special_Deals;Access_Share816;Admin_Cache1_Extended;Self Service_Win8;Intranet_Access_Extended;Access_Share345;Standard_User_Profile;Access_Share562;Access_Share507;Access_Share790;Access_Share316;Access_Share460;R_Company_Profile;Access_Share569;Access_Share429;Access_Share420;Network_Storage;R_Supplier_List;Windows_8;R_RegistrationServices;Network_Storage_Extended;Storage_Access;R_Guidance_Access_Share;Access_Share827;Access_Share817;Access_Share796;Office_2013;Access_Share792;Mail_Access;Antivir_Delivery;Internal_Access_Share;Novell_BorderMgr;Access_Share769;Self Service;R_Shop_List;Cloud_Storage_Extended;Access_Share683;W_Local_Storage;Project_702;Service_Ticket_Load;R_Guidelines;Intranet_Access;Access_Share674;Access_Share673;Service_Ticket_Reg;R_External_List;Access_Share633;Access_Share630;Access_Share614;Access_Share612;W_Company_Publications;R_External_Announcements;Access_Share587;Access_Share604;Office_Template;Access_Share523;Access_Share501;Access_Share560;Access_Share408;Access_Share386;R_Management_Planning;MUC_Access;MUC_Access_Extended;MUC_Network;MUC_Adv_Share;Internal_Employee;Mailing_Group";personal;Internal;29.03.2019
CN=Medal Pl??ner,OU=Client Services,OU=Information Technology,DC=Demo_Company;bascom02417;mBasco;Medal;Basco;München;"Cisco_UCS;R_Partner_List;Access_Share791;Comp_Acc2;Admin_Backup_Queue;R_External_Guides;Sales_Information;Access_Share588;Access_Share694;R_Special_Deals;Admin_Cache1_Extended;Intranet_Access_Extended;Access_Share345;Standard_User_Profile;Access_Share507;Access_Share790;R_Company_Profile;Access_Share569;Network_Storage;R_Supplier_List;Windows_8;R_RegistrationServices;Network_Storage_Extended;Storage_Access;R_Guidance_Access_Share;Access_Share827;Access_Share817;Access_Share796;Office_2013;Access_Share792;Mail_Access;Antivir_Delivery;Internal_Access_Share;Novell_BorderMgr;Access_Share769;Self Service;R_Shop_List;Cloud_Storage_Extended;Project_702;Project_700;Service_Ticket_Load;R_Guidelines;Intranet_Access;Service_Ticket_Reg;R_External_List;Access_Share633;Access_Share614;Access_Share612;W_Company_Publications;R_External_Announcements;Access_Share587;Access_Share604;Office_Template;Access_Share547;Access_Share523;Access_Share501;Access_Share408;R_Management_Planning;MUC_Access;MUC_Access_Extended;MUC_Network;MUC_Adv_Share;Internal_Employee;Mailing_Group";personal;Internal;18.11.2019
CN=Merlin Potter,OU=Client Services,OU=Information Technology,DC=Demo_Company;olivim03684;mPotter;Merlin;Potter;München;"Cisco_UCS;R_External_Guides;Sales_Information;Access_Share588;Admin_Cache1_Extended;Self Service_Win8;Intranet_Access_Extended;Standard_User_Profile;Access_Share569;Network_Storage;R_Supplier_List;Windows_8;R_RegistrationServices;Network_Storage_Extended;Storage_Access;R_Guidance_Access_Share;Mail_Access;Antivir_Delivery;Internal_Access_Share;Novell_BorderMgr;Self Service;R_Shop_List;Service_Ticket_Load;R_Guidelines;Intranet_Access;Service_Ticket_Reg;R_External_List;Access_Share633;W_Company_Publications;MUC_Access;MUC_Access_Extended;MUC_Network;MUC_Adv_Share;Internal_Employee;Mailing_Group";personal;Internal;05.05.2019
CN=Otto Buehlman,OU=Client Services,OU=Information Technology,DC=Demo_Company;buehlo00583;oBuehlman;Otto;Buehlman;München;"Cisco_UCS;Access_Share598;R_Partner_List;Access_Share791;Comp_Acc2;Admin_Backup_Queue;R_External_Guides;Sales_Information;Access_Share588;Access_Share694;R_Special_Deals;Admin_Cache1_Extended;Self Service_Win8;Intranet_Access_Extended;Access_Share345;Standard_User_Profile;Certificates;Access_Share507;Access_Share790;R_Company_Profile;Access_Share569;Access_Share420;Access_Share390;Network_Storage;R_Supplier_List;Windows_8;R_RegistrationServices;Network_Storage_Extended;Storage_Access;Access_Share838;Access_Share856;R_Guidance_Access_Share;Access_Share827;Access_Share818;Access_Share817;Access_Share796;Office_2013;Access_Share792;Mail_Access;Antivir_Delivery;Internal_Access_Share;Access_Share769;Self Service;R_Shop_List;Cloud_Storage_Extended;Access_Share683;W_Local_Storage;Project_702;Project_700;Service_Ticket_Load;R_Guidelines;Intranet_Access;Service_Ticket_Reg;Access_Share669;Access_Share666;R_External_List;Access_Share643;Access_Share633;W_Company_Publications;R_External_Announcements;Access_Share587;Access_Share589;Office_Template;Access_Share501;Access_Share693;Access_Share560;Access_Share408;Access_Share386;R_Management_Planning;MUC_Access;MUC_Access_Extended;MUC_Network;MUC_Adv_Share;Internal_Employee;Mailing_Group";personal;Internal;07.12.2019
CN=Patrina Hanek,OU=Treasury,OU=Finance,OU=Operations and Finance,DC=Demo_Company;hanekp02632;pHanek;Patrina;Hanek;München;"Cisco_UCS;R_Partner_List_Extended;Access_Share374;Mail_Access;Internal_Access_Share;MUC_Access;MUC_Access_Extended;MUC_Network;MUC_Adv_Share;Internal_Employee;Mailing_Group";personal;Internal;22.06.2019
CN=Peg H?chtl,OU=Treasury,OU=Finance,OU=Operations and Finance,DC=Demo_Company;bestep02114;pBester;Peg;Bester;München;"Access_Share374;Self Service;MUC_Access;MUC_Access_Extended;MUC_Network;MUC_Adv_Share;Internal_Employee;Mailing_Group";personal;Internal;13.09.2019
CN=Percy Reeves,OU=Treasury,OU=Finance,OU=Operations and Finance,DC=Demo_Company;olivip01574;pReeves;Percy;Reeves;München;"Cisco_UCS;NortonAntiVir_User;R_External_Guides;Sales_Information;W_Shop_List_Extended;Self Service_Win8;Intranet_Access_Extended;Access_Share374;Network_Storage;Windows_8;Network_Storage_Extended;Storage_Access;R_Guidance_Access_Share;Mail_Access;Antivir_Delivery;Internal_Access_Share;Self Service;Access_Share764;R_Shop_List;Service_Ticket_Load;R_Guidelines;Intranet_Access;Access_Share630;W_Company_Publications;MUC_Access;MUC_Access_Extended;MUC_Network;MUC_Adv_Share;Internal_Employee;Mailing_Group";personal;Internal;07.09.2019
CN=Ping Chittam,OU=Treasury,OU=Finance,OU=Operations and Finance,DC=Demo_Company;chittp02086;pChittam;Ping;Chittam;München;"Cisco_UCS;R_Partner_List;R_External_Guides;Sales_Information_Extended;Self Service_Win8;Intranet_Access_Extended;Access_Share374;Network_Storage;R_Supplier_List;Windows_8;R_RegistrationServices;Network_Storage_Extended;Storage_Access;R_Guidance_Access_Share;Mail_Access;Antivir_Delivery;Internal_Access_Share;Self Service;R_Shop_List;Service_Ticket_Load;R_Guidelines;Intranet_Access;Access_Share690;Service_Ticket_Reg;R_External_List;Access_Share630;MUC_Access;MUC_Access_Extended;MUC_Network;MUC_Adv_Share;Internal_Employee;Mailing_Group";personal;Internal;19.05.2019
CN=Ping Mihalek,OU=Client Services,OU=Information Technology,DC=Demo_Company;mihalp00616;pMihalek;Ping;Mihalek;München;"Cisco_UCS;R_Partner_List;Access_Share791;Admin_Backup_Queue;R_External_Guides;Sales_Information;Access_Share588;R_Special_Deals;Access_Share816;Admin_Cache1_Extended;Access_Share84;Self Service_Win8;Intranet_Access_Extended;Access_Share345;Standard_User_Profile;Access_Share562;Access_Share507;Access_Share790;Access_Share824;R_Company_Profile;Access_Share569;Network_Storage;R_Supplier_List;Windows_8;R_RegistrationServices;Network_Storage_Extended;Storage_Access;R_Guidance_Access_Share;Access_Share829;Access_Share827;Access_Share817;Access_Share796;Office_2013;Access_Share792;Mail_Access;Antivir_Delivery;Internal_Access_Share;Novell_BorderMgr;Access_Share769;Self Service;R_Shop_List;Cloud_Storage_Extended;Access_Share683;Project_707;W_Local_Storage;Service_Ticket_Load;R_Guidelines;Intranet_Access;Service_Ticket_Reg;R_External_List;Access_Share633;Access_Share630;W_Company_Publications;R_External_Announcements;Access_Share587;R_Security_Incidents;Access_Share573;Office_Template;Access_Share546;Access_Share521;Access_Share509;Access_Share874;Access_Share560;Access_Share408;Access_Share386;Project_19;R_Management_Planning;MUC_Access;MUC_Access_Extended;MUC_Network;MUC_Adv_Share;Internal_Employee;Mailing_Group";personal;Internal;17.07.2019
CN=Priscilla Bibel,OU=Client Services,OU=Information Technology,DC=Demo_Company;bibelp00557;pBibel;Priscilla;Bibel;München;"Cisco_UCS;R_Partner_List;Access_Share791;Admin_Backup_Queue;R_External_Guides;Sales_Information;Access_Share588;R_Special_Deals;Admin_Cache1_Extended;Self Service_Win8;Intranet_Access_Extended;Access_Share345;Standard_User_Profile;Access_Share507;Access_Share790;Access_Share824;R_Company_Profile;Access_Share569;Access_Share420;Network_Storage;R_Supplier_List;Windows_8;R_Customer_List;R_RegistrationServices;Network_Storage_Extended;W_RegistrationServices;Storage_Access;Access_Share855;Access_Share838;R_Guidance_Access_Share;Access_Share827;Access_Share817;Access_Share796;Office_2013;Access_Share792;Mail_Access;Antivir_Delivery;Internal_Access_Share;Access_Share769;Access_Share768;Self Service;R_Shop_List;Cloud_Storage_Extended;Access_Share683;Project_707;W_Local_Storage;Access_Share696;Service_Ticket_Load;R_Guidelines;Intranet_Access;Access_Share674;Service_Ticket_Reg;R_External_List;Access_Share633;Access_Share630;Access_Share617;Access_Share614;Access_Share612;W_Company_Publications;R_External_Announcements;Access_Share587;Office_Template;Access_Share523;Access_Share693;Access_Share560;Access_Share408;Access_Share386;R_Management_Planning;MUC_Access;MUC_Access_Extended;MUC_Network;MUC_Adv_Share;Internal_Employee;Mailing_Group";personal;Internal;08.06.2019
CN=Rachele Miller,OU=Treasury,OU=Finance,OU=Operations and Finance,DC=Demo_Company;olivir01775;rMiller;Rachele;Miller;München;"Cisco_UCS;NortonAntiVir_User;R_External_Guides;Sales_Information;W_Shop_List_Extended;Self Service_Win8;Intranet_Access_Extended;Access_Share374;Standard_User_Profile;Access_Share429;Network_Storage;Windows_8;R_RegistrationServices;Network_Storage_Extended;Storage_Access;R_Guidance_Access_Share;Mail_Access;Antivir_Delivery;Internal_Access_Share;Self Service;Access_Share764;R_Shop_List;W_Local_Storage;Service_Ticket_Load;R_Guidelines;Intranet_Access;Access_Share630;W_Company_Publications;R_External_Announcements;Access_Share604;MUC_Access;MUC_Access_Extended;MUC_Network;MUC_Adv_Share;Internal_Employee;Mailing_Group";personal;Internal;26.07.2019
CN=Raleigh Breitenb?cher,OU=Treasury,OU=Finance,OU=Operations and Finance,DC=Demo_Company;riegr02228;rRieg;Raleigh;Rieg;München;"Cisco_UCS;Access_Share754;R_Partner_List;R_External_Guides;Sales_Information_Extended;Self Service_Win8;Intranet_Access_Extended;Access_Share374;Standard_User_Profile;Access_Share454;Access_Share622;R_Company_Profile;Access_Share416;Network_Storage;R_Supplier_List;Windows_8;R_RegistrationServices;Network_Storage_Extended;Storage_Access;Europe_Users;R_Guidance_Access_Share;Access_Share827;Mail_Access;Antivir_Delivery;Internal_Access_Share;Self Service;Access_Share745;R_Shop_List;Service_Ticket_Load;R_Guidelines;Intranet_Access;Service_Ticket_Reg;R_External_List;W_Company_Publications;MUC_Access;MUC_Access_Extended;MUC_Network;MUC_Adv_Share;Internal_Employee;Mailing_Group";personal;Internal;06.02.2019
CN=Raymond Lagerquist,OU=Treasury,OU=Finance,OU=Operations and Finance,DC=Demo_Company;lagerr01933;rLagerquist;Raymond;Lagerquist;München;"Access_Share374;Self Service;MUC_Access;MUC_Access_Extended;MUC_Network;MUC_Adv_Share;Internal_Employee;Mailing_Group";personal;Internal;15.06.2019
CN=Regine Cisar,OU=Treasury,OU=Finance,OU=Operations and Finance,DC=Demo_Company;cisarr03923;rCisar;Regine;Cisar;München;"Cisco_UCS;R_Partner_List_Extended;Access_Share374;Mail_Access;Self Service;MUC_Access;MUC_Access_Extended;MUC_Network;MUC_Adv_Share;Internal_Employee;Mailing_Group";personal;Internal;25.02.2019
CN=Regine Stocks,OU=Treasury,OU=Finance,OU=Operations and Finance,DC=Demo_Company;stockr00978;rStocks;Regine;Stocks;München;"Cisco_UCS;R_Partner_List;R_External_Guides;Sales_Information_Extended;Self Service_Win8;Intranet_Access_Extended;Access_Share374;Standard_User_Profile;Access_Share735;Access_Share429;Network_Storage;R_Supplier_List;Windows_8;R_RegistrationServices;Network_Storage_Extended;Storage_Access;Europe_Users;R_Guidance_Access_Share;Mail_Access;Antivir_Delivery;Internal_Access_Share;Self Service;R_Shop_List;W_Local_Storage;Service_Ticket_Load;R_Guidelines;Intranet_Access;Service_Ticket_Reg;Access_Share666;R_External_List;Access_Share630;W_Company_Publications;R_External_Announcements;Access_Share604;MUC_Access;MUC_Access_Extended;MUC_Network;MUC_Adv_Share;Internal_Employee;Mailing_Group";personal;Internal;20.06.2019
CN=Reginia Weith,OU=Treasury,OU=Finance,OU=Operations and Finance,DC=Demo_Company;weithr03412;rWeith;Reginia;Weith;München;"Cisco_UCS;R_Partner_List;Sales_Information_Extended;Access_Share374;Mail_Access;Internal_Access_Share;MUC_Access;MUC_Access_Extended;MUC_Network;MUC_Adv_Share;Internal_Employee;Mailing_Group";personal;Internal;19.10.2019
CN=Reva Fisher,OU=Treasury,OU=Finance,OU=Operations and Finance,DC=Demo_Company;olivir01785;rFisher;Reva;Fisher;München;"Cisco_UCS;NortonAntiVir_User;R_External_Guides;Sales_Information;W_Shop_List_Extended;Self Service_Win8;Intranet_Access_Extended;Access_Share374;Network_Storage;Windows_8;Network_Storage_Extended;Storage_Access;R_Guidance_Access_Share;Office_2013;Mail_Access;Antivir_Delivery;Internal_Access_Share;Self Service;Access_Share764;Service_Ticket_Load;R_Guidelines;Intranet_Access;W_Company_Publications;MUC_Access;MUC_Access_Extended;MUC_Network;MUC_Adv_Share;Internal_Employee;Mailing_Group";personal;Internal;29.06.2019
CN=Rhonda Vandebogart,OU=Treasury,OU=Finance,OU=Operations and Finance,DC=Demo_Company;vander02023;rVandebogart;Rhonda;Vandebogart;München;"Access_Share374;Self Service;MUC_Access;MUC_Access_Extended;MUC_Network;MUC_Adv_Share;Internal_Employee;Mailing_Group";personal;Internal;15.06.2019
CN=Richelle Lipitz,OU=Treasury,OU=Finance,OU=Operations and Finance,DC=Demo_Company;lipitr01860;rLipitz;Richelle;Lipitz;München;"Access_Share374;Self Service;MUC_Access;MUC_Access_Extended;MUC_Network;MUC_Adv_Share;Internal_Employee;Mailing_Group";personal;Internal;19.12.2019
CN=Rikki Johnson,OU=Treasury,OU=Finance,OU=Operations and Finance,DC=Demo_Company;olivir01931;rJohnson;Rikki;Johnson;München;"Cisco_UCS;R_External_Guides;Sales_Information_Extended;Self Service_Win8;Intranet_Access_Extended;Access_Share374;Network_Storage;Windows_8;Network_Storage_Extended;Storage_Access;R_Guidance_Access_Share;Mail_Access;Antivir_Delivery;Internal_Access_Share;Self Service;Access_Share764;Service_Ticket_Load;R_Guidelines;Intranet_Access;Access_Share630;MUC_Access;MUC_Access_Extended;MUC_Network;MUC_Adv_Share;Internal_Employee;Mailing_Group";personal;Internal;17.02.2019
CN=Riley B?y?kyildiz,OU=Treasury,OU=Finance,OU=Operations and Finance,DC=Demo_Company;zuvicr02119;rZuvich;Riley;Zuvich;München;"Access_Share374;Self Service;MUC_Access;MUC_Access_Extended;MUC_Network;MUC_Adv_Share;Internal_Employee;Mailing_Group";personal;Internal;30.06.2019
CN=Robert Batrez,OU=Treasury,OU=Finance,OU=Operations and Finance,DC=Demo_Company;batrer01922;rBatrez;Robert;Batrez;München;"Access_Share374;Self Service;MUC_Access;MUC_Access_Extended;MUC_Network;MUC_Adv_Share;Internal_Employee;Mailing_Group";personal;Internal;04.01.2019
CN=Rory Krill,OU=Treasury,OU=Finance,OU=Operations and Finance,DC=Demo_Company;krillr01951;rKrill;Rory;Krill;München;"Access_Share374;MUC_Access;MUC_Access_Extended;MUC_Network;MUC_Adv_Share;Internal_Employee;Mailing_Group";personal;Internal;14.08.2019
CN=Rosaura Miller,OU=Treasury,OU=Finance,OU=Operations and Finance,DC=Demo_Company;olivir01618;rMiller1;Rosaura;Miller;München;"Cisco_UCS;NortonAntiVir_User;R_External_Guides;Sales_Information;W_Shop_List_Extended;Self Service_Win8;Intranet_Access_Extended;Access_Share374;Network_Storage;Windows_8;Network_Storage_Extended;Storage_Access;R_Guidance_Access_Share;Mail_Access;Antivir_Delivery;Internal_Access_Share;Self Service;Access_Share764;Service_Ticket_Load;R_Guidelines;Intranet_Access;W_Company_Publications;MUC_Access;MUC_Access_Extended;MUC_Network;MUC_Adv_Share;Internal_Employee;Mailing_Group";personal;Internal;22.02.2019
CN=Royal Angier,OU=Treasury,OU=Finance,OU=Operations and Finance,DC=Demo_Company;angier01683;rAngier;Royal;Angier;München;"Cisco_UCS;R_Partner_List;R_External_Guides;Sales_Information_Extended;Self Service_Win8;Intranet_Access_Extended;Access_Share374;Standard_User_Profile;Access_Share454;R_Company_Profile;Network_Storage;R_Supplier_List;Windows_8;R_RegistrationServices;Network_Storage_Extended;Storage_Access;R_Guidance_Access_Share;Mail_Access;Antivir_Delivery;Internal_Access_Share;Self Service;R_Shop_List;Service_Ticket_Load;R_Guidelines;Intranet_Access;Access_Share690;Service_Ticket_Reg;R_External_List;Access_Share630;W_Company_Publications;MUC_Access;MUC_Access_Extended;MUC_Network;MUC_Adv_Share;Internal_Employee;Mailing_Group";personal;Internal;20.07.2019
CN=Shayne Litalien,OU=Client Services,OU=Information Technology,DC=Demo_Company;litals00572;sLitalien;Shayne;Litalien;München;"Cisco_UCS;R_Partner_List;Access_Share791;Admin_Backup_Queue;R_External_Guides;Sales_Information;Access_Share588;R_Supplier_Office_List;R_Special_Deals;Admin_Cache1_Extended;Self Service_Win8;Intranet_Access_Extended;Access_Share345;Standard_User_Profile;Certificates;Access_Share507;Access_Share790;Access_Share824;R_Company_Profile;Access_Share569;Access_Share420;Network_Storage;R_Supplier_List;Access_Share399;Windows_8;R_RegistrationServices;Network_Storage_Extended;Storage_Access;Access_Share838;R_Guidance_Access_Share;Access_Share827;Access_Share818;Access_Share817;Access_Share796;Access_Share792;Mail_Access;Antivir_Delivery;Internal_Access_Share;Access_Share769;Access_Share768;Self Service;R_Shop_List;Cloud_Storage_Extended;Access_Share683;Project_707;W_Local_Storage;Project_700;Access_Share696;Service_Ticket_Load;R_Guidelines;Intranet_Access;Service_Ticket_Reg;Access_Share669;R_External_List;Access_Share633;Access_Share617;Access_Share614;Access_Share612;W_Company_Publications;R_External_Announcements;Access_Share587;Access_Share577;Office_Template;Access_Share538;Access_Share524;Access_Share523;Access_Share457;Access_Share501;Access_Share693;Access_Share560;Access_Share408;R_Management_Planning;MUC_Access;MUC_Access_Extended;MUC_Network;MUC_Adv_Share;Internal_Employee;Mailing_Group";personal;Internal;12.04.2019
CN=Tillberry Olivid,OU=Client Services,OU=Information Technology,DC=Demo_Company;tillbo00570;oTillberry;Olivid;Tillberry;München;"Cisco_UCS;Comp_Acc2;R_External_Guides;Sales_Information;Access_Share588;Access_Share694;Admin_Cache1_Extended;Self Service_Win8;Intranet_Access_Extended;Access_Share345;Standard_User_Profile;Access_Share569;Access_Share420;Network_Storage;R_Supplier_List;Windows_8;R_RegistrationServices;Network_Storage_Extended;Storage_Access;Access_Share838;R_Guidance_Access_Share;Access_Share796;Access_Share792;Mail_Access;Antivir_Delivery;Internal_Access_Share;Access_Share769;Self Service;Cloud_Storage_Extended;Access_Share683;W_Local_Storage;Project_702;Service_Ticket_Load;R_Guidelines;Intranet_Access;Service_Ticket_Reg;Access_Share633;Access_Share630;W_Company_Publications;R_External_Announcements;Access_Share587;Access_Share693;Access_Share560;Access_Share408;Access_Share386;R_Management_Planning;MUC_Access;MUC_Access_Extended;MUC_Network;MUC_Adv_Share;Internal_Employee;Mailing_Group";personal;Internal;03.05.2019
CN=Twyla Jesse,OU=Treasury,OU=Finance,OU=Operations and Finance,DC=Demo_Company;olivit01452;tJesse;Twyla;Jesse;München;"Cisco_UCS;NortonAntiVir_User;R_External_Guides;Sales_Information;W_Shop_List_Extended;Self Service_Win8;Intranet_Access_Extended;Access_Share374;Standard_User_Profile;Access_Share429;Network_Storage;Windows_8;Network_Storage_Extended;Storage_Access;R_Guidance_Access_Share;Mail_Access;Antivir_Delivery;Internal_Access_Share;Self Service;W_Local_Storage;Service_Ticket_Load;R_Guidelines;Intranet_Access;Access_Share630;W_Company_Publications;R_External_Announcements;Access_Share604;R_Security_Incidents;MUC_Access;MUC_Access_Extended;MUC_Network;MUC_Adv_Share;Internal_Employee;Mailing_Group";personal;Internal;08.05.2019
CN=Tyree Weatherbee,OU=Treasury,OU=Finance,OU=Operations and Finance,DC=Demo_Company;weatht01834;tWeatherbee;Tyree;Weatherbee;München;"Access_Share374;Self Service;MUC_Access;MUC_Access_Extended;MUC_Network;MUC_Adv_Share;Internal_Employee;Mailing_Group";personal;Internal;18.02.2019
CN=Valarie Mason,OU=Treasury,OU=Finance,OU=Operations and Finance,DC=Demo_Company;oliviv01568;vMason;Valarie;Mason;München;"Cisco_UCS;Europe_Projects6;R_External_Guides;Sales_Information_Extended;Self Service_Win8;Intranet_Access_Extended;Access_Share374;Network_Storage;R_Supplier_List;Windows_8;R_RegistrationServices;Network_Storage_Extended;Storage_Access;R_Guidance_Access_Share;Mail_Access;Antivir_Delivery;Internal_Access_Share;Self Service;Service_Ticket_Load;R_Guidelines;Intranet_Access;Access_Share630;MUC_Access;MUC_Access_Extended;MUC_Network;MUC_Adv_Share;Internal_Employee;Mailing_Group";personal;Internal;29.07.2019
CN=Valentina Gillon,OU=Treasury,OU=Finance,OU=Operations and Finance,DC=Demo_Company;gillov01814;vGillon;Valentina;Gillon;München;"Access_Share374;Self Service;MUC_Access;MUC_Access_Extended;MUC_Network;MUC_Adv_Share;Internal_Employee;Mailing_Group";personal;Internal;02.04.2019
CN=Valentina Hagley,OU=Treasury,OU=Finance,OU=Operations and Finance,DC=Demo_Company;haglev03808;vHagley;Valentina;Hagley;München;"Cisco_UCS;R_Partner_List_Extended;Access_Share374;Mail_Access;Internal_Access_Share;MUC_Access;MUC_Access_Extended;MUC_Network;MUC_Adv_Share;Internal_Employee;Mailing_Group";personal;Internal;01.12.2019
CN=Vashti Kudron,OU=Treasury,OU=Finance,OU=Operations and Finance,DC=Demo_Company;kudrov01818;vKudron;Vashti;Kudron;München;"Access_Share374;Self Service;MUC_Access;MUC_Access_Extended;MUC_Network;MUC_Adv_Share;Internal_Employee;Mailing_Group";personal;Internal;02.02.2019
CN=Vashti Neuenswander,OU=Treasury,OU=Finance,OU=Operations and Finance,DC=Demo_Company;neuenv02087;vNeuenswander;Vashti;Neuenswander;München;"Access_Share374;Self Service;MUC_Access;MUC_Access_Extended;MUC_Network;MUC_Adv_Share;Internal_Employee;Mailing_Group";personal;Internal;26.01.2019
CN=Vashti Trojak,OU=Treasury,OU=Finance,OU=Operations and Finance,DC=Demo_Company;trojav02048;vTrojak;Vashti;Trojak;München;"Access_Share374;Self Service;W_Local_Storage;MUC_Access;MUC_Access_Extended;MUC_Network;MUC_Adv_Share;Internal_Employee;Mailing_Group";personal;Internal;12.04.2019
CN=Vasiliki Dowlin,OU=Treasury,OU=Finance,OU=Operations and Finance,DC=Demo_Company;dowliv01793;vDowlin;Vasiliki;Dowlin;München;"Access_Share374;Standard_User_Profile;Access_Share429;W_Local_Storage;Access_Share604;MUC_Access;MUC_Access_Extended;MUC_Network;MUC_Adv_Share;Internal_Employee;Mailing_Group";personal;Internal;25.01.2019
CN=Vasiliki St?hr,OU=Treasury,OU=Finance,OU=Operations and Finance,DC=Demo_Company;martiv01882;vMartine;Vasiliki;Martine;München;"Access_Share374;Self Service;MUC_Access;MUC_Access_Extended;MUC_Network;MUC_Adv_Share;Internal_Employee;Mailing_Group";personal;Internal;09.06.2019
CN=Williams Krapfl,OU=Treasury,OU=Finance,OU=Operations and Finance,DC=Demo_Company;krapfw03520;wKrapfl;Williams;Krapfl;München;"Cisco_UCS;R_Partner_List_Extended;Access_Share374;Mail_Access;Internal_Access_Share;MUC_Access;MUC_Access_Extended;MUC_Network;MUC_Adv_Share;Internal_Employee;Mailing_Group";personal;Internal;11.01.2019
CN=Xiao Eskin,OU=Treasury,OU=Finance,OU=Operations and Finance,DC=Demo_Company;eskinx02197;xEskin;Xiao;Eskin;München;"Access_Share374;Self Service;MUC_Access;MUC_Access_Extended;MUC_Network;MUC_Adv_Share;Internal_Employee;Mailing_Group";personal;Internal;28.03.2019
CN=Xiao Grates,OU=Treasury,OU=Finance,OU=Operations and Finance,DC=Demo_Company;gratex02104;xGrates;Xiao;Grates;München;"Cisco_UCS;Access_Share754;R_Partner_List;R_External_Guides;Sales_Information_Extended;Self Service_Win8;Intranet_Access_Extended;Access_Share374;Standard_User_Profile;Access_Share622;Network_Storage;R_Supplier_List;Windows_8;R_RegistrationServices;Network_Storage_Extended;Storage_Access;Europe_Users;R_Guidance_Access_Share;Access_Share827;Mail_Access;Antivir_Delivery;Internal_Access_Share;Self Service;Access_Share745;R_Shop_List;Service_Ticket_Load;R_Guidelines;Intranet_Access;Service_Ticket_Reg;R_External_List;Access_Share630;W_Company_Publications;MUC_Access;MUC_Access_Extended;MUC_Network;MUC_Adv_Share;Internal_Employee;Mailing_Group";personal;Internal;11.11.2019
CN=Yasmin Olivid,OU=Treasury,OU=Finance,OU=Operations and Finance,DC=Demo_Company;oliviy01642;yOlivid;Yasmin;Olivid;München;"Cisco_UCS;NortonAntiVir_User;R_External_Guides;Sales_Information;W_Shop_List_Extended;Self Service_Win8;Intranet_Access_Extended;Access_Share374;Network_Storage;Windows_8;Network_Storage_Extended;Storage_Access;R_Guidance_Access_Share;Mail_Access;Antivir_Delivery;Internal_Access_Share;Self Service;Access_Share764;Service_Ticket_Load;R_Guidelines;Intranet_Access;W_Company_Publications;MUC_Access;MUC_Access_Extended;MUC_Network;MUC_Adv_Share;Trainee_Group;Trainee_Access";personal;Trainee;05.09.2019
CN=Yoshie Macmillen,OU=Treasury,OU=Finance,OU=Operations and Finance,DC=Demo_Company;macmiy02277;yMacmillen;Yoshie;Macmillen;München;"Cisco_UCS;R_Partner_List_Extended;Access_Share374;Mail_Access;Internal_Access_Share;MUC_Access;MUC_Access_Extended;MUC_Network;MUC_Adv_Share;Trainee_Group;Trainee_Access";personal;Trainee;13.12.2019
CN=Zula Fenty,OU=Treasury,OU=Finance,OU=Operations and Finance,DC=Demo_Company;fentyz01866;zFenty;Zula;Fenty;München;"Cisco_UCS;R_Partner_List;R_External_Guides;Sales_Information_Extended;Self Service_Win8;Intranet_Access_Extended;Access_Share374;Standard_User_Profile;Network_Storage;R_Supplier_List;Windows_8;R_RegistrationServices;Network_Storage_Extended;Storage_Access;R_Guidance_Access_Share;Mail_Access;Antivir_Delivery;Internal_Access_Share;Self Service;R_Shop_List;Service_Ticket_Load;R_Guidelines;Intranet_Access;Service_Ticket_Reg;R_External_List;Access_Share630;W_Company_Publications;MUC_Access;MUC_Access_Extended;MUC_Network;MUC_Adv_Share;Trainee_Group;Trainee_Access";personal;Trainee;06.08.2019
;admin3;;;;;"R_Supplier_Office_List;Standard_User_Profile;R_Rentals;R_Munich_Access_Share;R_Customer_List;R_Public_Announcements;Mail_Access;R_Guidelines;Intranet_Access;W_Company_Publications;R_External_Announcements;Firewall_SW;Internet_Access;Admin_Prof;Admin_Share;Admin_Access;Administrative_Policies;Privileged_Users";admin;;04.07.2019
;testaccount_IT;;;;;"R_Supplier_Office_List;Standard_User_Profile;R_Rentals;R_Munich_Access_Share;R_Customer_List;R_Public_Announcements;Mail_Access;R_Guidelines;Intranet_Access;W_Company_Publications;R_External_Announcements;Firewall_SW;Internet_Access;Admin_Prof;Admin_Share;Admin_Access;Administrative_Policies;Privileged_Users";test;;26.08.2019
;admin2;;;;;"R_Supplier_Office_List;Standard_User_Profile;R_Rentals;R_Munich_Access_Share;R_Customer_List;R_Public_Announcements;Mail_Access;R_Guidelines;Intranet_Access;W_Company_Publications;R_External_Announcements;Firewall_SW;Internet_Access;Admin_Prof;Admin_Share;Admin_Access;Administrative_Policies;Privileged_Users";admin;;23.06.2019
